Brain_1	Brain_2	Liver_1	Liver_2
ENSMUSG00000019843.10;MX:chr10:39526930-39529437:39529601-39532016:39526930-39529919:39530074-39532016:+	0.919545255793616	0.9112588855767024	0.6683087027914614	0.5
ENSMUSG00000020167.10;MX:chr10:80410274-80410398:80410624-80413205:80410274-80412827:80413062-80413205:-	0.4192777664004369	0.4075055803571429	0.8061103028699906	0.8070359674455236
ENSMUSG00000028863.9;MX:chr4:125103031-125107517:125107546-125108323:125103031-125107652:125107709-125108323:+	0.4287719298245614	0.4957188726364609	0.029182879377431907	0.0
ENSMUSG00000033335.13;MX:chr9:21478348-21478899:21479037-21481333:21478348-21480407:21480545-21481333:+	0.1255813953488372	0.13788659793814434	0.485399632905056	0.44250086595081395
ENSMUSG00000040774.11;MX:chr3:106505852-106512803:106512887-106531137:106505852-106520009:106520093-106531137:-	0.8885460856151176	0.9751243781094528	0.5645366060093102	0.583949313621964
ENSMUSG00000053436.10;MX:chr17:28728975-28737011:28737090-28741788:28728975-28740680:28740759-28741788:+	0.5493377483443709	0.5084905660377358	0.8545568039950061	0.8271466905187836
ENSMUSG00000054808.9;MX:chr7:28907064-28909903:28909988-28912240:28907064-28911490:28911575-28912240:-	0.305458649702442	0.3233498444879622	0.012507817385866166	0.013294977452962214
