Brain_1	Brain_2	Liver_1	Liver_2
ENSMUSG00000002010.13;RI:chrX:73782006:73782103-73782675:73782716:-	0.5961422543701025	0.6900584795321637	0.3544186046511628	0.2968888888888889
ENSMUSG00000034211.10;RI:chr5:129715684:129715910-129716727:129716866:+	0.9228130360205832	0.7627272727272728	0.4641275465013287	0.4393139841688654
ENSMUSG00000037933.11;RI:chr13:49383043:49383253-49384971:49387025:+	0.7414836039477873	0.7066582914572864	0.190625	0.21140142517814725
ENSMUSG00000038241.12;RI:chr2:155988312:155988432-155989499:155989620:+	0.15814917127071826	0.2428675932699341	0.647814910025707	0.6408114558472553
ENSMUSG00000060950.7;RI:chr12:111678105:111678300-111678603:111678962:+	0.7920227920227919	0.950530035335689	0.5059055118110236	0.5222063037249284
